coverage,delta-coverage,fault-history
0.9977895706561399,0.9985442214857698,0.8009369233402149
