coverage,delta-coverage,fault-history
0.9984389698533028,0.0,0.9628370480359346
