coverage,delta-coverage,fault-history
0.9752547935007193,0.9990950932038963,0.0
