coverage,delta-coverage,fault-history
0.9873296356175993,0.9921924046670824,0.10002033249698355
