coverage,delta-coverage,fault-history
0.9932410013454733,0.991187780902167,0.8665519966749916
