coverage,delta-coverage,fault-history
0.9909434411954102,0.9988115650479914,0.0
