coverage,delta-coverage,fault-history
0.9317797032576295,0.9588574105196176,0.24812013366904914
