coverage,delta-coverage,fault-history
0.9909370102117525,0.9985068400845933,0.0
