coverage,delta-coverage,fault-history
0.979719707403985,0.9711200753923013,0.9568648498476795
