coverage,delta-coverage,fault-history
0.979616086487851,0.9737469000549264,0.9944300779857547
