coverage,delta-coverage,fault-history
0.9911420708926431,0.9995345056724435,0.997961323150755
