coverage,delta-coverage,fault-history
0.9752736138477699,0.9982585062355214,0.0
