coverage,delta-coverage,fault-history
0.9853435527919139,0.9926334708232827,0.09709762213923583
