coverage,delta-coverage,fault-history
0.9954365806074885,0.999097848678645,0.0
