coverage,delta-coverage,fault-history
0.9801849836247447,0.9995345056724435,0.9977448876689812
