coverage,delta-coverage,fault-history
0.9943043089849254,0.9990045312472929,0.0
