coverage,delta-coverage,fault-history
0.9814428800534597,0.9995294912904209,0.9985063897448391
