coverage,delta-coverage,fault-history
0.9972623367307111,0.9978073865986671,0.7730280944807222
