coverage,delta-coverage,fault-history
0.9977642081880777,0.0,0.8825365741718674
