coverage,delta-coverage,fault-history
0.9815803389437441,0.9725063802584957,0.9565714359760127
