coverage,delta-coverage,fault-history
0.9797916964731457,0.0,0.953805444020477
