coverage,delta-coverage,fault-history
0.9982559873878897,0.9986792035438468,0.0
