coverage,delta-coverage,fault-history
0.9830401049675034,0.9875101164919754,0.0
