coverage,delta-coverage,fault-history
0.9973790939974014,0.9433721678326276,0.4482466974904913
