coverage,delta-coverage,fault-history
0.9885449033690329,0.9969168731941539,0.21247916918503643
