coverage,delta-coverage,fault-history
0.9972837487931332,0.9974901281587265,0.0
