coverage,delta-coverage,fault-history
0.997496662458606,0.9975565058132781,0.0
