coverage,delta-coverage,fault-history
0.9980685610681834,0.9989212466004378,0.0
