coverage,delta-coverage,fault-history
0.9974864406051859,0.997872742084057,0.2731183245796109
