coverage,delta-coverage,fault-history
0.986128707674915,0.9871868565532692,0.0
