coverage,delta-coverage,fault-history
0.9979440406116948,0.9985219204564001,0.17341315295290444
