coverage,delta-coverage,fault-history
0.9974134880590743,0.9979765860562205,0.27251512224569274
