coverage,delta-coverage,fault-history
0.997977795150905,0.9984375209020496,0.1831284339425828
