coverage,delta-coverage,fault-history
0.9975296583740451,0.943661623165805,0.4503082509149705
