coverage,delta-coverage,fault-history
0.9886837112831767,0.9978112863892818,0.27655222724659884
