coverage,delta-coverage,fault-history
0.9809060433826439,0.941580528110429,0.48550001864213904
