coverage,delta-coverage,fault-history
0.9975411655244896,0.9976384006892245,0.0
0.9975411655244896,0.9976384006892245,0.0
0.9975314918293718,0.9976384006892245,0.0
0.9975411655244896,0.9976384006892245,0.0
0.9975314918293718,0.9976384006892245,0.0
0.9975411655244896,0.9976384006892245,0.0
0.9975314918293718,0.9976384006892245,0.0
0.9975411655244896,0.9976384006892245,0.0
0.997496662458606,0.9975565058132781,0.0
0.997496662458606,0.9975565058132781,0.0
0.997496662458606,0.9975565058132781,0.0
