coverage,delta-coverage,fault-history
0.9957795922350334,0.9989286899288582,0.0
0.9969586631937432,0.9989286899288582,0.0
0.9980581012211225,0.9989286899288582,0.0
0.9983371897943049,0.9989286899288582,0.0
0.9963588198413377,0.9989286899288582,0.0
0.9985207508034503,0.9989212466004378,0.0
0.9985285273350849,0.9989212466004378,0.0
0.9966788775325379,0.9989286899288582,0.0
0.997234227756621,0.9989286899288582,0.0
0.998228155598889,0.9989286899288582,0.0
0.995963174101913,0.9989286899288582,0.0
