coverage,delta-coverage,fault-history
0.9974425514537438,0.9989286899288582,0.0
0.9973794152864958,0.9989286899288582,0.0
0.9974251942524017,0.9989286899288582,0.0
0.9984451605341778,0.9989286899288582,0.0
0.9981767096021534,0.9989286899288582,0.0
0.9964489956913546,0.9989286899288582,0.0
0.9983066526620699,0.9989286899288582,0.0
0.9986841305304649,0.9989286899288582,0.0
