coverage,delta-coverage,fault-history
0.9977161379743057,0.9981792791912649,0.0
0.99770588640843,0.9981792791912649,0.0
0.9976729241988638,0.9981792791912649,0.0
0.9976317413747866,0.9981855895801739,0.0
0.9978610629353543,0.9981792791912649,0.0
0.997898959596808,0.9981321986790791,0.0
0.9979343878929601,0.9981321986790791,0.0
