coverage,delta-coverage,fault-history
0.9984533136445206,0.9995345056724435,0.9986381445000387
0.9981339546065734,0.9993283557433661,0.9989077585770066
0.9988821041137458,0.9995345056724435,0.99860496460499
0.9989390977761857,0.9995345056724435,0.9985671001846131
0.9985765826950994,0.9995294912904209,0.9988754099768546
0.998231718113504,0.9995294912904209,0.9988757508054279
0.9990253354699211,0.9995345056724435,0.9985162165796271
