coverage,delta-coverage,fault-history
0.997784537797242,0.9995345056724435,0.9982824084118315
0.9983161557089036,0.9995345056724435,0.9982586834749151
0.9988547988041232,0.9995345056724435,0.9971294005224492
0.9987810311738327,0.9995345056724435,0.9974513749725911
0.9987715703518979,0.9995345056724435,0.9975942706201394
0.997378328511861,0.9995345056724435,0.9988667099773565
0.9989387999854299,0.9995294912904209,0.9992408468399666
0.9985542362809717,0.9995345056724435,0.9977533570255819
0.997784537797242,0.9995345056724435,0.9982824084118315
