coverage,delta-coverage,fault-history
0.9984504142503899,0.9995294912904209,0.9990601792159558
0.9986227530809006,0.9995294912904209,0.998903055142696
0.9983616418340618,0.9995294912904209,0.9992049468527704
0.9988628252151384,0.9995345056724435,0.9987036419471571
0.9990172195894271,0.9995345056724435,0.9966384971913139
0.9976858844315776,0.9995345056724435,0.9987495618275181
0.9988909068613471,0.9995345056724435,0.9968705888436992
0.9990269138951571,0.9995345056724435,0.9827385151364518
0.9990269138951571,0.9995345056724435,0.9827385151364518
