coverage,delta-coverage,fault-history
0.9978036955303816,0.9995345056724435,0.9981747012134716
0.9988025025707401,0.9995294912904209,0.9992168793544971
0.9989046893383515,0.9995294912904209,0.9974081485717357
0.9988025025707401,0.9995294912904209,0.9992168793544971
0.9989119570012205,0.9995294912904209,0.9835349997636891
0.9988339920051285,0.9995345056724435,0.9970308833230228
0.9988442827677857,0.9995345056724435,0.9933366601594804
0.9988073283674149,0.9995345056724435,0.997961323150755
