coverage,delta-coverage,fault-history
0.9987287820180393,0.9995294912904209,0.9991319268988411
0.9981590078688453,0.9995294912904209,0.9992335351332938
0.9985721375866107,0.9995345056724435,0.997961323150755
0.9988509060533645,0.9995294912904209,0.9968380455510609
0.9985721375866107,0.9995345056724435,0.997961323150755
0.9990167326109186,0.9995345056724435,0.9966256414176645
0.9987912541486383,0.9995294912904209,0.9990328172179633
0.9988118728578596,0.9995294912904209,0.9987442561070985
