coverage,delta-coverage,fault-history
0.9913487655688942,0.9990362019282679,0.0
0.9977818893690892,0.9990362019282679,0.0
0.9978018915648889,0.9990362019282679,0.0
0.9973941123595913,0.9990362019282679,0.0
0.9978951685218106,0.9990362019282679,0.0
0.9973002831369774,0.9990362019282679,0.0
0.9983025613962222,0.9990362019282679,0.0
