coverage,delta-coverage,fault-history
0.9984774388215664,0.9995294912904209,0.998847365621383
0.9991080461458157,0.9995345056724435,0.998508239790348
0.9991080461458157,0.9995345056724435,0.998508239790348
0.9940024862717655,0.9994584607482047,0.9990053373306356
0.9991381986510439,0.9995345056724435,0.9965990019295585
