coverage,delta-coverage,fault-history
0.9979350504609035,0.9995294912904209,0.9990429778779976
0.9989150840242462,0.9995345056724435,0.9967431458033953
0.9983666503512928,0.9995345056724435,0.9984337643116555
0.9985325454731974,0.9995294912904209,0.9989729112269998
0.9988837279982885,0.9995345056724435,0.9982021106006425
0.9990611888177302,0.9995345056724435,0.9955104820744517
0.9989150840242462,0.9995345056724435,0.9967431458033953
