coverage,delta-coverage,fault-history
0.9989522278092148,0.9995345056724435,0.9944546030916708
0.9987223947406186,0.9995345056724435,0.9987433918965656
0.9991518656394297,0.9995294912904209,0.9992408468399666
0.9989522278092148,0.9995345056724435,0.9944546030916708
