coverage,delta-coverage,fault-history
0.9982635006341534,0.9995345056724435,0.99885496796612
0.9989418734834531,0.9995345056724435,0.9987626979676856
0.9990577326086675,0.9995345056724435,0.9976486176036957
0.9988730993092841,0.9995294912904209,0.9991902664790331
