coverage,delta-coverage,fault-history
0.9986952527311687,0.9995345056724435,0.9975341890791163
0.9983848770188357,0.9995345056724435,0.9982032250633881
0.9985881221370851,0.9995345056724435,0.9977297828936369
0.9986976877819784,0.9995294912904209,0.9992400692372423
0.9980842844674367,0.9995345056724435,0.998246363922658
0.9990272994995203,0.9995256394606549,0.9986164682696694
0.998709958950941,0.9995345056724435,0.9940758459008951
0.9989219638432701,0.9995345056724435,0.9939679892982293
0.9989219638432701,0.9995345056724435,0.9939679892982293
