coverage,delta-coverage,fault-history
0.9982039328265174,0.9986420776103011,0.0
0.9981778811443653,0.9986420776103011,0.0
0.9982299903878609,0.9986420776103011,0.0
0.9981511460084136,0.9986420776103011,0.0
0.998014764399135,0.9990377663148765,0.0
0.998065950717027,0.9986420776103011,0.0
