coverage,delta-coverage,fault-history
0.9892056248154555,0.999097848678645,0.0
0.9836265368186081,0.999097848678645,0.0
0.9897915540275416,0.999097848678645,0.0
0.9881815659742459,0.999097848678645,0.0
0.9807966636683033,0.999097848678645,0.0
0.989018929717375,0.999097848678645,0.0
0.9977992659454998,0.999097848678645,0.0
