coverage,delta-coverage,fault-history
0.9988612874734942,0.9995345056724435,0.997961323150755
0.9977263464481999,0.9995294912904209,0.9991662849869097
0.9978300747647725,0.9995345056724435,0.9986417185311732
0.9984097564700096,0.9995345056724435,0.9986120967930513
0.9988098897521082,0.9995345056724435,0.9982423185676267
0.9987407009384556,0.9995294912904209,0.9991582019805069
0.9988768811166626,0.99953384735972,0.9780720268765797
0.9988670191208215,0.99953384735972,0.981031036585695
0.9989035739794174,0.99953384735972,0.9703498012916193
