coverage,delta-coverage,fault-history
0.9988395471072907,0.9995345056724435,0.9977448876689812
0.9962825216724187,0.9995294912904209,0.998926524925071
0.9976886417630253,0.9993278907224634,0.9989287783622062
0.9984652816218567,0.9995345056724435,0.9984222776884049
0.9962825216724187,0.9995294912904209,0.998926524925071
0.9984920100047334,0.9993278907224634,0.9989074098113296
0.9989670340469796,0.9995294912904209,0.9988683156067583
0.998637811473053,0.9995345056724435,0.9977744830279052
